{
  "type"  : "table",
  "head"  : [
    {
      "content" : "№"
      "sizeX"   : "1" // Вместить в себя N столбцов
      "sizeY"   : "1" // Вместить в себя N столбцов
    },

    {
      "content" : "Второй заголовок таблицы",
      "sizeX"   : "1", // Вместить в себя N столбцов
      "sizeY"   : "1" // Вместить в себя N столбцов
    }
  ],

  "body"  : [
    [
      {
        "content" : "1",
        "sizeX"   : "1",
        "sizeY"   : "1"
      },

      {
        "content" : "Первая строка",
        "sizeX"   : "1",
        "sizeY"   : "1"
      },
    ],

    [
      {
        "content" : "2",
        "sizeX"   : "1",
        "sizeY"   : "1"
      },

      {
        "content" : "Вторая строка",
        "sizeX"   : "1",
        "sizeY"   : "2"
      },
    ],

    [
      {
        "content" : "3",
        "sizeX"   : "1",
        "sizeY"   : "1"
      }
    ],

    [
      {
        "content" : "4",
        "sizeX"   : "1",
        "sizeY"   : "1"
      },

      {
        "content" : "Четвертая строка",
        "sizeX"   : "1",
        "sizeY"   : "1",
        "bold"    : true
      },
    ],
  ]
}
